{"accuracy": [0.5990753173828125, 0.8517391085624695, 0.9097517728805542, 0.937235951423645, 0.9532683491706848, 0.9628138542175293, 0.9720179438591003, 0.9745928049087524, 0.9788747429847717, 0.9809232354164124], "loss": [1.362825632095337, 0.4648689329624176, 0.27844905853271484, 0.19205830991268158, 0.14243532717227936, 0.11161747574806213, 0.08857650309801102, 0.07638952136039734, 0.06530993431806564, 0.05841740965843201], "val_accuracy": [0.8246073126792908, 0.9020031690597534, 0.9058160781860352, 0.9450830817222595, 0.9503756165504456, 0.9574891924858093, 0.9524242877960205, 0.9583427906036377, 0.9643751382827759, 0.9628955125808716], "val_loss": [0.5442208051681519, 0.30777761340141296, 0.28813672065734863, 0.17281632125377655, 0.15143275260925293, 0.136567622423172, 0.16802217066287994, 0.14693646132946014, 0.12635183334350586, 0.13712525367736816]}